<jmess>
  <connection>
    <output>system:capture_1</output>
    <input>sooperlooper:loop6_in_1</input>
  </connection>
  <connection>
    <output>system:capture_1</output>
    <input>sooperlooper:loop7_in_1</input>
  </connection>
  <connection>
    <output>system:capture_2</output>
    <input>sooperlooper:loop6_in_1</input>
  </connection>
  <connection>
    <output>system:capture_2</output>
    <input>sooperlooper:loop7_in_1</input>
  </connection>
  <connection>
    <output>system:capture_3</output>
    <input>sooperlooper:loop1_in_1</input>
  </connection>
  <connection>
    <output>system:capture_3</output>
    <input>sooperlooper:loop4_in_1</input>
  </connection>
  <connection>
    <output>system:capture_3</output>
    <input>sooperlooper:loop7_in_1</input>
  </connection>
  <connection>
    <output>system:capture_4</output>
    <input>sooperlooper:loop1_in_1</input>
  </connection>
  <connection>
    <output>system:capture_4</output>
    <input>sooperlooper:loop4_in_1</input>
  </connection>
  <connection>
    <output>system:capture_4</output>
    <input>sooperlooper:loop7_in_1</input>
  </connection>
  <connection>
    <output>system:capture_5</output>
    <input>sooperlooper:loop2_in_1</input>
  </connection>
  <connection>
    <output>system:capture_5</output>
    <input>sooperlooper:loop5_in_1</input>
  </connection>
  <connection>
    <output>system:capture_5</output>
    <input>sooperlooper:loop7_in_2</input>
  </connection>
  <connection>
    <output>system:capture_6</output>
    <input>sooperlooper:loop2_in_1</input>
  </connection>
  <connection>
    <output>system:capture_6</output>
    <input>sooperlooper:loop5_in_1</input>
  </connection>
  <connection>
    <output>system:capture_6</output>
    <input>sooperlooper:loop7_in_2</input>
  </connection>
  <connection>
    <output>system:capture_7</output>
    <input>sooperlooper:loop3_in_1</input>
  </connection>
  <connection>
    <output>system:capture_7</output>
    <input>sooperlooper:loop7_in_2</input>
  </connection>
  <connection>
    <output>system:capture_8</output>
    <input>sooperlooper:loop3_in_1</input>
  </connection>
  <connection>
    <output>system:capture_8</output>
    <input>sooperlooper:loop7_in_2</input>
  </connection>
  <connection>
    <output>sooperlooper:common_out_1</output>
    <input>calf:reverb_in_l</input>
  </connection>
  <connection>
    <output>sooperlooper:common_out_2</output>
    <input>calf:reverb_in_r</input>
  </connection>
  <connection>
    <output>sooperlooper:loop1_out_1</output>
    <input>SuperCollider:in_1</input>
  </connection>
  <connection>
    <output>sooperlooper:loop2_out_1</output>
    <input>SuperCollider:in_2</input>
  </connection>
  <connection>
    <output>sooperlooper:loop3_out_1</output>
    <input>SuperCollider:in_3</input>
  </connection>
  <connection>
    <output>sooperlooper:loop4_out_1</output>
    <input>SuperCollider:in_4</input>
  </connection>
  <connection>
    <output>sooperlooper:loop5_out_1</output>
    <input>SuperCollider:in_5</input>
  </connection>
  <connection>
    <output>sooperlooper:loop6_out_1</output>
    <input>SuperCollider:in_6</input>
  </connection>
  <connection>
    <output>sooperlooper:loop7_out_1</output>
    <input>system:playback_1</input>
  </connection>
  <connection>
    <output>sooperlooper:loop7_out_2</output>
    <input>system:playback_2</input>
  </connection>
  <connection>
    <output>SuperCollider:out_1</output>
    <input>system:playback_1</input>
  </connection>
  <connection>
    <output>SuperCollider:out_2</output>
    <input>system:playback_2</input>
  </connection>
  <connection>
    <output>SuperCollider:out_3</output>
    <input>system:playback_3</input>
  </connection>
  <connection>
    <output>SuperCollider:out_4</output>
    <input>system:playback_4</input>
  </connection>
  <connection>
    <output>SuperCollider:out_5</output>
    <input>system:playback_5</input>
  </connection>
  <connection>
    <output>SuperCollider:out_6</output>
    <input>system:playback_6</input>
  </connection>
  <connection>
    <output>SuperCollider:out_7</output>
    <input>system:playback_7</input>
  </connection>
  <connection>
    <output>SuperCollider:out_8</output>
    <input>system:playback_8</input>
  </connection>
  <connection>
    <output>calf:reverb_out_l</output>
    <input>system:playback_1</input>
  </connection>
  <connection>
    <output>calf:reverb_out_r</output>
    <input>system:playback_2</input>
  </connection>
</jmess>
